proj_id,proj_name,pdo,region,country_code,country_name,proj_approval_fy,asa_approval_date,task_type,proj_url,product_line_type,lending_instrument,lead_gp,ttl,agreement_type,commitment_amount,ida_cycle_approval,proj_status,product_line_name,contrib_gp,theme
P181237,Strengthening Public Financial Management II Project,To improve fiscal management practices and increase fiscal transparency at the National Government level.,East Asia and Pacific,FSM,Federated States of Micronesia,2025,NA,NA,https://opswork.worldbank.org/home/P181237,Lending Product,IPF,GOV,Patrick Piker Umah Tete (ADM),IDA,0,Pre-IDA21,NA,NA,NA,Procurement
P507378,Cambodia Governance Programmatic Advisory Services and Analytics,NA,East Asia and Pacific,KHM,Kingdom of Cambodia,2025,2025-03-20T00:00:00Z,Advisory,https://opswork.worldbank.org/home/P507378,Analytic and Advisory Activities Product,NA,GOV,Tessa Clare Cullen (ADM),NA,NA,Pre-IDA21,NA,NA,NA,Procurement
P513817,Value Chain Assessment of Procurement Processes in Government Departments in Cambodia,The Development Objective of this ASA is to map end-to-end procurement processes and approval steps in selected Cambodian government departments and identify efficiency gains to inform the MAPS strategic action plan.,East Asia and Pacific,KHM,Kingdom of Cambodia,2026,2025-09-25T00:00:00Z,Analytical,https://opswork.worldbank.org/home/P513817,Analytic and Advisory Activities Product,NA,GOV,Kalesh Kumar A K (ADM),NA,NA,IDA21,NA,NA,NA,Procurement
P510280,Strengthening Public Financial Management II Project,"To improve timeliness and transparency of budget execution and financial reporting by the Ministry of Finance, Banking and Postal Services.",East Asia and Pacific,MHL,Republic of the Marshall Islands,2026,NA,NA,https://opswork.worldbank.org/home/P510280,Lending Product,IPF,GOV,Patrick Piker Umah Tete (ADM),IDA,NA,IDA21,NA,NA,NA,Procurement
P507538,Revenue Improvement and Spending Efficiency Program-for-Results Operation,"To enhance domestic revenue collection and improve the efficiency, transparency, and job creation potential of public spending",Eastern and Southern Africa,RWA,Republic of Rwanda,2026,NA,NA,https://opswork.worldbank.org/home/P507538,Lending Product,PforR,GOV,Meron Tadesse Techane (ADM),IDA,NA,IDA21,NA,NA,NA,Procurement
P176761,Public Financial Management and Institutional Strengthening Project,To improve and build capacity for budget preparation and implementation.,Eastern and Southern Africa,SSD,Republic of South Sudan,2022,NA,NA,https://opswork.worldbank.org/home/P176761,Lending Product,IPF,GOV,David Santos Ruano (ADM),IDA,34000000,Pre-IDA21,NA,NA,NA,Procurement
P511206,Uganda Strengthening Public Investment and Asset Management for Growth and Resilience Operation (PIM Plus),"To strengthen the GoU's efficiency, accountability, and sustainability of public investment and asset management.",Eastern and Southern Africa,UGA,Republic of Uganda,2026,NA,NA,https://opswork.worldbank.org/home/P511206,Lending Product,PforR,GOV,Verena Maria Fritz (ADM),IDA,NA,IDA21,NA,NA,NA,Procurement
P150381,Public Finance Management Modernization Project 2,"<p>The development objective of the project is to improve effectiveness, control and accountability of public expenditure of the Republic of Tajikistan.</p>",Europe and Central Asia,TJK,Republic of Tajikistan,2015,NA,NA,https://opswork.worldbank.org/home/P150381,Lending Product,IPF,GOV,Hassan Aliev (ADM),IDA,25664800,Pre-IDA21,NA,NA,NA,Procurement
P172924,Additional Financing for Public Finance Management Modernization Project 2,"<p>The development objective of the project is to improve effectiveness, control and accountability of public expenditure of the Republic of Tajikistan.</p>",Europe and Central Asia,TJK,Republic of Tajikistan,2021,NA,NA,https://opswork.worldbank.org/home/P172924,Lending Product,IPF,GOV,Hassan Aliev (ADM),IDA,6000000,Pre-IDA21,NA,NA,NA,Procurement
P515209,Tajikistan Public Expenditure and Financial Accountability Assessments 2026,"The development objective is to strengthen PFM in Tajikistan by providing a robust, evidence-based diagnostic foundation for the next generation of reforms.",Europe and Central Asia,TJK,Republic of Tajikistan,2026,2026-02-19T00:00:00Z,Analytical,https://opswork.worldbank.org/home/P515209,Analytic and Advisory Activities Product,NA,GOV,Arman Vatyan (ADM),NA,NA,IDA21,NA,NA,NA,Procurement
P512516,Syria Public Financial Management Capacity Strengthening Project,"The project development objective (PDO) is to establish public financial management reform coordination capacity, strengthen budget controls and improve transparency in the use of public funds.","Middle East, North Africa, Afghanistan, and Pakistan",SYR,Syrian Arab Republic,2026,NA,NA,https://opswork.worldbank.org/home/P512516,Lending Product,IPF,GOV,Winston Percy Onipede Cole (ADM),IDA,NA,IDA21,NA,NA,NA,Procurement
P169405,"Sustainable Procurement, Environmental and Social Standards Enhancement Project (SPESSE)","The project development objective is to develop sustainable capacity in managing procurement, environment and social standards in the public and private sectors.",Western and Central Africa,NGA,Federal Republic of Nigeria,2020,NA,NA,https://opswork.worldbank.org/home/P169405,Lending Product,IPF,GOV,Ishtiak Siddique (ADM),IDA,80000000,Pre-IDA21,NA,NA,NA,Procurement
P510242,"Sustainable Procurement, Environmental and Social Standards Enhancement Project (SPESSE)","The project development objective is to develop sustainable capacity in managing procurement, environment and social standards in the public and private sectors.",Western and Central Africa,NGA,Federal Republic of Nigeria,2025,NA,NA,https://opswork.worldbank.org/home/P169405,Lending Product,IPF,GOV,Ishtiak Siddique (ADM),IDA,80000000,Pre-IDA21,NA,NA,NA,Procurement
P506443,Mauritania Public Spending Efficiency,Improve public financial management systems and accountability for enhanced efficiency of social spending,Western and Central Africa,MRT,Islamic Republic of Mauritania,2025,NA,NA,https://opswork.worldbank.org/home/P506443,Lending Product,PforR,GOV,Fatou Mbacke Dieng (ADM),IDA,NA,Pre-IDA21,NA,NA,NA,Procurement
P505030,"Improving Performance, Accountability and Transparency in Cameroon PforR","To improve domestic revenue mobilization; and the accountability and transparency of public finances, including in selected sectors.",Western and Central Africa,CMR,Republic of Cameroon,2025,NA,NA,https://opswork.worldbank.org/home/P505030,Lending Product,PforR,GOV,Hugues Agossou (ADM),IDA,NA,Pre-IDA21,NA,NA,NA,Procurement
P509601,Niger Food Security and Emergency Access to Essential  Services Project,"To maintain continuous access to adequate food, essential healthcare, and education services to people of Niger and strengthen revenue mobilization for the delivery of these services.",Western and Central Africa,NER,Republic of Niger,2025,NA,NA,https://opswork.worldbank.org/home/P509601,Lending Product,IPF,GOV,Tahirou Kalam (ADM),IDA,NA,Pre-IDA21,NA,NA,NA,Procurement
P510613,Strengthening Senegal?s Fiscal Sustainability Program,"To improve public debt sustainability, strengthen public financial management, and increase domestic resource mobilization.",Western and Central Africa,SEN,Republic of Senegal,2025,NA,NA,https://opswork.worldbank.org/home/P510613,Lending Product,PforR,GOV,Julia Dhimitri (ADM),IDA,NA,Pre-IDA21,NA,NA,NA,Procurement
P513144,Cote d'Ivoire Public Resource Management for Jobs and Growth,To increase domestic revenues and improve efficiency in public expenditure management in Cote d'Ivoire.,Western and Central Africa,CIV,Republic of Cote d'Ivoire,2026,NA,NA,https://opswork.worldbank.org/home/P513144,Lending Product,PforR,GOV,Diop Saidou (ADM),IDA,NA,NA,Active,IBRD/IDA,MTI POV,Procurement
P513145,Guinea Domestic Revenue Mobilization and Public Expenditure Management,"improve domestic revenue mobilization, public expenditure and debt management in Guinea.",Western and Central Africa,GIN,Republic of Guinea,2026,NA,NA,https://opswork.worldbank.org/home/P513145,Lending Product,IPF,GOV,Diop Saidou (ADM),IDA,NA,NA,Active,IBRD/IDA,MTI POV,Procurement
P510257,Second Sustainable and Inclusive Growth Development Policy Operation for the Kyrgyz Republic,The development objective of DPO is to support the government to ensure sustainable and equitable energy supply; enhance social service delivery and climate resilience; and strengthen fiscal sustainability and improve the business environment.,Europe and Central Asia,KGZ,Kyrgyz Republic,2026,NA,NA,https://opswork.worldbank.org/home/P510257,Lending Product,DPF,MTI,Gohar Gyulumyan (ADM),IDA,NA,NA,Active,IBRD/IDA,EAE FCI POV SPL,Procurement
P511920,First Advancing Global Integration and Market Transition Uzbekistan Programmatic Development Policy Operation,"The program development objective is to support Uzbekistan?s transition to an inclusive and resilient market economy through; (i) creating markets, advancing global integration, and fostering private sector growth and jobs creation; and (ii) supporting the green economy and social inclusion.",Europe and Central Asia,UZB,Republic of Uzbekistan,2026,NA,NA,https://opswork.worldbank.org/home/P511920,Lending Product,DPF,MTI,Pinar Yasar (ADM),IBRD,NA,NA,Active,IBRD/IDA,DDT EAE FCI,Procurement
P511188,Djibouti Economic Diversification Program-for-Results,"To improve SOE governance and performance, increase  private investments, and enhance SME competitiveness.","Middle East, North Africa, Afghanistan, and Pakistan",DJI,Republic of Djibouti,2026,NA,NA,https://opswork.worldbank.org/home/P511188,Lending Product,PforR,FCI,Fadwa Bennani (ADM),IDA,NA,NA,Active,IBRD/IDA,GOV,Procurement
P506691,Strengthening Institutions for Transparency and Accountability (SITA),"To enhance transparency, reliability, and access to official statistics, increase tax compliance and improve efficiency and accountability of public spending",South Asia,BGD,People's Republic of Bangladesh,2025,NA,NA,https://opswork.worldbank.org/home/P506691,Lending Product,IPF,MTI,Souleymane Coulibaly (ADM),IDA,NA,NA,Active,IBRD/IDA,GOV POV,Procurement
P511201,Bangladesh: Strengthening Governance and Institutional Resilience,The program development objective of the SGIR DPC is to strengthen governance and institutional resilience in the public and financial sectors.,South Asia,BGD,People's Republic of Bangladesh,2025,NA,NA,https://opswork.worldbank.org/home/P511201,Lending Product,DPF,MTI,Dhruv Sharma (ADM),IDA,NA,NA,Closed,IBRD/IDA,FCI GOV POV SPL,Procurement
